"id","createdAt","loc-1","visit-from","first-visit","loc-5","serv-3","food-4","open","loc-4","serv-5","food-1","serv-4","food-3","loc-2","food-5","serv-1","loc-3","food-2","serv-2"
"06Rno1vJNQhdLacERGOj","2025-06-10T17:57:14.257Z","Wynwood","I work in the neighborhood","Yes, it’s my first time 🌮","Good","Excellent","Good","",,,,,,,,,,,
"07FjCXJAdrgmefH5D3SM","2025-06-04T23:53:53.169Z","Brickell","I’m on vacations","Yes, it’s my first time 🌮",,,,"","Good","Excellent","Good",,,,,,,,
"0967uJS1Gvi1vGBVcTen","2025-06-10T17:07:14.211Z","Brickell","I work in the neighborhood","Yes, it’s my first time 🌮","Excellent",,,"Great lunch menu",,,,"Good","Excellent",,,,,,
"0O9dtXRzLFNQfw1gPTtt","2025-06-03T19:57:54.287Z","Wynwood",,,,,,"Best mexican food in wynwood. Great prives and quality",,,,"Excellent",,"Excellent","Excellent",,,,
"0Xf9wU5XNUa1qlRyUBH1","2025-06-07T03:14:18.696Z","Wynwood","I work in the neighborhood","Nope, I’m a taco lover 🔥","Excellent",,,"",,,,,,,"Excellent","Excellent",,,
"1SKuY1VERrrcmfRy0t0M","2025-06-04T22:17:24.598Z","Brickell","I’m on vacations","Yes, it’s my first time 🌮",,,,"",,"Good",,,,,,,"Good","Excellent",
"1bCRlyKQzIA2gaZRV4s3","2025-06-07T23:33:49.725Z","Brickell","I work in the neighborhood","Yes, it’s my first time 🌮",,,,"",,,"Good",,,"Excellent",,,,,"Good"
"1bnkj194oOU3ki98cBTo","2025-06-04T23:41:47.244Z","Brickell","I’m a local","Yes, it’s my first time 🌮",,,,"Great service and good food",,,,,,"Excellent","Excellent",,,,"Excellent"
"2FbNcdjjaoayprLdkiul","2025-06-10T19:23:23.735Z","Wynwood","I’m a local","Nope, I’m a taco lover 🔥",,,,"","Excellent",,,"Good","Excellent",,,,,,
"2fa3Yh6ZFVYgOJZQ42cM","2025-06-07T20:59:22.270Z","Brickell","I’m a local","Nope, I’m a taco lover 🔥","Excellent",,"Excellent","",,"Excellent",,,,,,,,,
"2fcXMSf8WdVQVRK3doel","2025-05-07T19:41:39.054Z","Brickell",,,,,,"rwvfec",,"Excellent","Good",,,,,,,,
"3xeYKkzvkPPP5HHWp0VJ","2025-06-10T19:23:23.447Z","Wynwood","I’m a local","Nope, I’m a taco lover 🔥",,,,"","Excellent",,,"Good","Excellent",,,,,,
"4EQPB9OcUrOgzKBjfIcm","2025-06-11T17:22:47.808Z","Brickell","I’m a local","Yes, it’s my first time 🌮","Good","Excellent",,"Food delicious and our server was very nice",,,,,"Good",,,,,,
"4WqvB07gZ2HuHD7Tt8DL","2025-06-02T15:45:43.292Z","Wynwood",,,"Good",,,"Exquicito",,"Good",,,,,,,,"Excellent",
"4u5Xv0fG1R7WxRsCj2Gk","2025-06-08T03:22:42.164Z","Brickell","I’m on vacations","Yes, it’s my first time 🌮",,"Excellent",,"","Excellent",,,,,,,,,"Excellent",
"6VhCp1CiIPjH4gY7W5hb","2025-06-04T22:38:48.601Z","Brickell","I’m a local","Nope, I’m a taco lover 🔥",,,,"",,,"Excellent",,,"Good",,,,,"Excellent"
"7gKgp9erctfbatfhhyGJ","2025-06-10T17:55:24.686Z","Wynwood","I’m a local","Nope, I’m a taco lover 🔥",,,"Excellent","",,,,,,,,,"Excellent",,"Good"
"7pcZleFpTmt7CrEyLWft","2025-06-04T22:36:37.652Z","Brickell","I’m a local","Yes, it’s my first time 🌮",,"Excellent",,"",,,"Excellent",,,"Excellent",,,,,
"7xTLhbP85WNIMALUmJ3s","2025-06-02T17:34:41.426Z","Wynwood",,,,,,"Tacology wynwood was great
The servers were amazing and the attention to detail was impeccable","Excellent",,,,"Excellent",,,,,,"Excellent"
"85yMuHfYRBSfTnQQEpQo","2025-06-10T16:43:55.514Z","Brickell","I’m on vacations","Yes, it’s my first time 🌮","Good",,"Good","Very colorful oto our server was great",,"Good",,,,,,,,,
"8rWIU8rNyPjIODSAVp72","2025-06-10T22:54:24.392Z","Wynwood","I’m a local","Nope, I’m a taco lover 🔥",,,"Excellent","Amazing food and service!!",,,,,,"Excellent",,,,,"Excellent"
"8se5QKgRj5jr3RgEX2LM","2025-06-05T00:22:40.647Z","Brickell","I work in the neighborhood","Nope, I’m a taco lover 🔥",,,,"Everything good",,,,,,"Excellent","Good",,,,"Excellent"
"99pJC7v5L4OyqVQOVnpu","2025-06-05T01:02:25.599Z","Brickell","I’m on vacations","Nope, I’m a taco lover 🔥","Good",,,"",,"Excellent",,,"Excellent",,,,,,
"9jjcMw7hqfN1g8QvnoS5","2025-06-08T18:57:19.951Z","Brickell","I’m on vacations","Yes, it’s my first time 🌮",,,,"",,,,,,"Excellent","Excellent","Excellent",,,
"9sQDjJY24MrmVYF4jMsi","2025-06-05T23:47:50.699Z","Wynwood","I’m on vacations","Yes, it’s my first time 🌮",,,,"Louisa Was fantásticas!,,",,,,"Excellent","Good",,,,"Excellent",,
"9urbPb6OBlZBPdzhSBaE","2025-06-07T23:33:50.122Z","Brickell","I work in the neighborhood","Yes, it’s my first time 🌮",,,,"",,,"Good",,,"Excellent",,,,,"Good"
"AIsjQFdZRmY1WruBGWlq","2025-06-08T00:56:50.791Z","Brickell","I’m on vacations","Yes, it’s my first time 🌮",,"Excellent",,"",,,,,,,,,"Excellent","Excellent",
"AY4NFzG7rr08e8MEjVYO","2025-06-07T21:16:57.785Z","Brickell","I’m on vacations","Yes, it’s my first time 🌮","Good",,,"",,"Excellent",,,,,"Excellent",,,,
"BAAwo1We3Pnc3jFCV4eu","2025-05-07T22:13:22.827Z","Brickell",,,,,,"rwv",,,,,,,,"Excellent",,"Excellent",
"BI0dJqnnuaDiOvIENTcI","2025-06-11T17:26:11.000Z","Brickell","I work in the neighborhood","Nope, I’m a taco lover 🔥",,,,"Lunch took longer than it should but fine ","Excellent",,,,,,,"Excellent",,"Excellent",
"DgpkOG4FeWiVQdPJ6zO7","2025-06-05T17:36:14.702Z","Wynwood","I’m a local","Yes, it’s my first time 🌮","Good",,"Average","",,"Excellent",,,,,,,,,
"Do91yY9DsFF40Vs5nuir","2025-06-11T17:22:47.046Z","Brickell","I’m a local","Yes, it’s my first time 🌮","Good","Excellent",,"Food delicious and our server was very nice",,,,,"Good",,,,,,
"Dwu0HwWQghvv9gFI8jGg","2025-06-10T16:42:45.419Z","Brickell","I’m a local","Yes, it’s my first time 🌮","Good","Excellent",,"Great concept",,,"Good",,,,,,,,
"DzDU8263mNBnjhqegoe9","2025-06-03T23:16:34.339Z","Wynwood","I’m a local","Nope, I’m a taco lover 🔥",,,,"","Excellent",,"Excellent",,,,,"Excellent",,,
"E6dyVsGw9mRwNef8rN4F","2025-06-08T17:30:01.459Z","Brickell","I’m on vacations","Yes, it’s my first time 🌮",,"Excellent","Good","",,,,,,"Excellent",,,,,
"EFh24Xhgb1JlavRzl1nd","2025-06-03T20:24:23.297Z","Wynwood","I work in the neighborhood","Nope, I’m a taco lover 🔥",,"Excellent",,"",,,,,,,,,"Excellent","Excellent",
"ELpJ260HO9fYpJ2VYyFM","2025-05-07T21:13:36.200Z","Brickell",,,,"Excellent","Excellent","test",,,,,,,,,,,
"EO1402gUn8DhUXroTPzH","2025-06-08T00:56:51.343Z","Brickell","I’m on vacations","Yes, it’s my first time 🌮",,"Excellent",,"",,,,,,,,,"Excellent","Excellent",
"ETacSob84TDTL8AZc1nz","2025-06-03T23:54:26.983Z","Wynwood","I’m a local","Nope, I’m a taco lover 🔥","Excellent","Excellent",,"Los amo",,,,,,,,,,"Excellent",
"F7SNBwioX5MDo7G8iPJE","2025-06-11T17:22:47.223Z","Brickell","I’m a local","Yes, it’s my first time 🌮","Good","Excellent",,"Food delicious and our server was very nice",,,,,"Good",,,,,,
"FeUK2iiBHk6CzKhncjMA","2025-06-04T23:45:02.228Z","Brickell","I’m a local","Nope, I’m a taco lover 🔥",,,,"Great service ","Excellent","Excellent",,,"Excellent",,,,,,
"Fg0TI1A5s8pcJJSvudhn","2025-05-07T22:13:33.308Z","Brickell",,,,"Excellent",,"rwv",,,,,,,,,,"Excellent",
"Gb4F4AiQtljrzQ0QM1so","2025-06-07T21:22:55.318Z","Brickell","I’m a local","Nope, I’m a taco lover 🔥",,,,"",,,,,,"Excellent","Good","Good",,,
"GhTsfBkLBfRxsIQjCY8E","2025-06-03T19:57:55.515Z","Wynwood",,,,,,"Best mexican food in wynwood. Great prives and quality",,,,"Excellent",,"Excellent","Excellent",,,,
"GmjIXcgxXjGKbFaRwjNP","2025-06-10T17:54:46.699Z","Wynwood","I’m a local","Yes, it’s my first time 🌮",,,,"","Excellent","Good",,,,,"Excellent",,,,
"Gr0wlLsWqy4Uf2VGz0ck","2025-06-10T17:52:35.051Z","Wynwood","I’m a local","Nope, I’m a taco lover 🔥",,"Excellent",,"","Excellent",,"Excellent",,,,,,,,
"HWwQxOokZFjSy8a5QFiZ","2025-06-10T17:52:54.906Z","Wynwood","I work in the neighborhood","Yes, it’s my first time 🌮",,"Excellent",,"","Excellent",,,,,,,,,"Excellent",
"HgYgCYaFCYpG9qykn9Qx","2025-06-07T21:01:39.817Z","Brickell","I’m a local","Nope, I’m a taco lover 🔥",,,,"",,"Good",,,,"Excellent",,,,"Excellent",
"HielFus7vAHgqcct5PFX","2025-06-11T17:22:47.015Z","Brickell","I’m a local","Yes, it’s my first time 🌮","Good","Excellent",,"Food delicious and our server was very nice",,,,,"Good",,,,,,
"IVMcmmHvas6bIynTAVLp","2025-06-10T21:36:46.991Z","Wynwood","I’m a local","Yes, it’s my first time 🌮",,,,"Really good place to have fun with good ambience ",,,"Excellent","Excellent",,,,,"Excellent",,
"IaFmeXyAR61EMsSTFqCM","2025-05-07T22:12:57.804Z","Brickell",,,,,"Excellent","dfv",,,,,,,,"Excellent",,,
"IdogV3C5p3Tl1gB0ddFe","2025-06-05T00:21:05.916Z","Brickell","I work in the neighborhood","Yes, it’s my first time 🌮","Good",,"Good","",,,,"Good",,,,,,,
"J6aJnRJA4dqFuAsNr1cY","2025-06-07T02:36:26.301Z","Wynwood","I’m a local","Yes, it’s my first time 🌮",,,,"Loved the food the servers and the vibe! I will come back again! Love & light ",,,"Excellent",,,"Excellent",,,,,"Excellent"
"J8CWYDDit7eqdbYR3WUk","2025-05-07T19:44:41.569Z","Brickell",,,,"Excellent",,"thank you!
",,,,,,,,,,"Excellent",
"JD5x6JXFlljp7ywCUhQj","2025-06-11T17:22:46.866Z","Brickell","I’m a local","Yes, it’s my first time 🌮","Good","Excellent",,"Food delicious and our server was very nice",,,,,"Good",,,,,,
"JJ1tayz4lYPZybeNrX7n","2025-06-10T21:36:46.600Z","Wynwood","I’m a local","Yes, it’s my first time 🌮",,,,"Really good place to have fun with good ambience ",,,"Excellent","Excellent",,,,,"Excellent",,
"JLqOaZYjX9776unEA8bU","2025-06-10T22:57:00.319Z","Wynwood","I’m a local","Yes, it’s my first time 🌮",,,"Excellent","The service was spectacular !! The food and atmosphere was Great all around.",,"Excellent",,,,,,,"Excellent",,
"KwdYQlNXrYWyUJFF5vq0","2025-06-10T19:23:23.294Z","Wynwood","I’m a local","Nope, I’m a taco lover 🔥",,,,"","Excellent",,,"Good","Excellent",,,,,,
"L0cVXBNJmQqNswCcAoWJ","2025-06-03T23:54:27.625Z","Wynwood","I’m a local","Nope, I’m a taco lover 🔥","Excellent","Excellent",,"Los amo",,,,,,,,,,"Excellent",
"L1ZDa7IoiKTFLvsnpNZW","2025-06-10T17:55:42.534Z","Wynwood","I’m on vacations","Yes, it’s my first time 🌮",,,,"",,,"Excellent",,,"Excellent",,"Good",,,
"MenZhhbIJf6kSoPNeR9i","2025-06-02T17:34:41.483Z","Wynwood",,,,,,"Tacology wynwood was great
The servers were amazing and the attention to detail was impeccable","Excellent",,,,"Excellent",,,,,,"Excellent"
"N5PItpYHomTsyJHl9Zia","2025-06-07T21:10:59.062Z","Brickell","I work in the neighborhood","Nope, I’m a taco lover 🔥",,,,"",,,,"Good",,,,,"Average","Average",
"N73cHwCJLsgpCoijyTd5","2025-06-10T17:07:33.767Z","Wynwood","I’m a local","Nope, I’m a taco lover 🔥","Excellent",,,"Lunch menu is a good deal",,,,,,,"Good",,,,"Good"
"N7tf4nZ9GVrYCbaHH5kG","2025-06-02T18:48:14.920Z","Wynwood",,,,,,"Hice place",,,,,,"Excellent","Excellent","Excellent",,,
"NNKSSm73qKEBPPs1yg8l","2025-06-08T18:57:19.875Z","Brickell","I’m on vacations","Yes, it’s my first time 🌮",,,,"",,,,,,"Excellent","Excellent","Excellent",,,
"NaAe57NvxDjI2TVItDCK","2025-06-09T01:56:53.488Z","Brickell","I work in the neighborhood","Nope, I’m a taco lover 🔥","Average",,,"",,"Good",,,"Average",,,,,,
"NkYcQOBvEMWan5sEnh27","2025-06-10T17:54:05.242Z","Wynwood","I’m a local","Nope, I’m a taco lover 🔥",,,,"","Excellent",,,,,,"Excellent",,,,"Excellent"
"NwstwKZ0wOA3WiDoF0LU","2025-05-07T18:31:32.424Z","Wynwood",,,,,,"",,,"Good","Good",,,,,,,
"OyVM4CnKppVA2sbvepDi","2025-06-07T03:15:59.162Z","Wynwood","I’m a local","Nope, I’m a taco lover 🔥",,,"Excellent","Buen servicio, 
Excelente servicio por parte de las mesera",,,,,,"Excellent",,"Excellent",,,
"PhtnRTFfKyndINGH4QzQ","2025-06-11T17:22:46.970Z","Brickell","I’m a local","Yes, it’s my first time 🌮","Good","Excellent",,"Food delicious and our server was very nice",,,,,"Good",,,,,,
"Q0KDvdCXYeyeY6VTc5XZ","2025-06-10T17:55:04.751Z","Wynwood","I’m a local","Nope, I’m a taco lover 🔥","Good","Excellent","Excellent","",,,,,,,,,,,
"RFjcg7ScM3b6l1lOvEs1","2025-05-08T00:07:22.604Z","Brickell",,,,,,"all good",,,"Excellent",,,,,,"Excellent",,"Excellent"
"Rp9Otoegz0vtEdh4xqTk","2025-06-10T17:51:57.366Z","Wynwood","I’m on vacations","Yes, it’s my first time 🌮",,,,"",,,"Excellent",,,,,"Excellent","Excellent",,
"Rt9X5NCLX8c2Oq7cWJTq","2025-06-10T19:23:24.263Z","Wynwood","I’m a local","Nope, I’m a taco lover 🔥",,,,"","Excellent",,,"Good","Excellent",,,,,,
"RvTmGmKZqPUw2Z6pOBVo","2025-05-07T19:36:44.121Z","Wynwood",,,,,,"pomrwv",,,"Excellent","Excellent",,,,,,,
"SbDc9wm6ont4eNjY92PS","2025-06-03T23:19:09.782Z","Wynwood","I’m on vacations","Yes, it’s my first time 🌮",,,,"",,"Excellent",,,"Good","Excellent",,,,,
"T30SUUtk1LtvfoNkUvZB","2025-06-08T18:57:36.848Z","Brickell","I’m on vacations","Yes, it’s my first time 🌮",,,,"","Excellent",,,,"Excellent",,,"Excellent",,,
"TT1Ng4tm06GHgCrxlgtu","2025-06-07T02:43:49.289Z","Wynwood","I work in the neighborhood","Yes, it’s my first time 🌮",,,"Average","Everything is good, maeby in crease marketing","Good",,,"Good",,,,,,,
"TVRf753LZ5YrqErXJjJm","2025-06-05T01:02:26.472Z","Brickell","I’m on vacations","Nope, I’m a taco lover 🔥","Good",,,"",,"Excellent",,,"Excellent",,,,,,
"TVjzGshB18n7Z853VxM0","2025-06-11T17:25:40.998Z","Brickell","I’m on vacations","Yes, it’s my first time 🌮",,,,"Gabriela was great, her suggestions were on point, looking forward to keep coming",,,"Excellent",,,"Excellent",,"Excellent",,,
"UjUzrlSCAZeHjTZj32DA","2025-06-04T21:03:01.205Z","Brickell","I’m a local","Nope, I’m a taco lover 🔥",,"Excellent",,"The best place to eat tacos and the best service",,,,,,,,,"Excellent","Excellent",
"UyYiM48N4wRYy2FI1601","2025-06-09T01:54:58.950Z","Brickell","I’m on vacations","Nope, I’m a taco lover 🔥",,,,"","Good",,,,,,"Average","Good",,,
"VN4fXOLMo61vtHopNV58","2025-06-07T23:35:57.966Z","Brickell","I’m a local","Nope, I’m a taco lover 🔥",,,"Excellent","Everything was amazing Rebeca was very nice and helpful",,,,,,,,"Excellent","Excellent",,
"VoAHtbVzODTY1lrWOA1F","2025-06-10T16:29:09.564Z","Wynwood","I work in the neighborhood","Yes, it’s my first time 🌮",,"Good","Average","Good option. 
",,,,,,"Good",,,,,
"VwFNDELS2oXmdBpJnHAL","2025-06-03T20:13:34.391Z","Wynwood",,,"Excellent",,,"Enjoyable. Service was kind! ",,"Excellent",,,,,,,,"Good",
"W54MUpgfod2JQT9ENkeS","2025-06-04T22:17:23.084Z","Brickell","I’m on vacations","Yes, it’s my first time 🌮",,,,"",,"Good",,,,,,,"Good","Excellent",
"WUQC9V05sx80WBp3YtCB","2025-06-02T17:26:34.218Z","Wynwood",,,"Excellent",,,"Great food great birria great service",,"Excellent","Excellent",,,,,,,,
"WVHwS0RKdk3jAlDQKFcC","2025-06-10T17:56:08.371Z","Wynwood","I’m on vacations","Yes, it’s my first time 🌮",,,,"",,"Good",,,,,,,"Excellent","Excellent",
"Wsj4EY1A2ciQorntCNva","2025-06-07T03:41:26.215Z","Wynwood","I’m a local","Nope, I’m a taco lover 🔥","Excellent",,"Excellent","The best",,,,,,,,,,,"Excellent"
"X44Q9qSBnWT3vc6nzP15","2025-06-11T17:22:47.944Z","Brickell","I’m a local","Yes, it’s my first time 🌮","Good","Excellent",,"Food delicious and our server was very nice",,,,,"Good",,,,,,
"XT8DQbOxnLJG3UKyzrrg","2025-06-07T21:17:51.689Z","Brickell","I’m on vacations","Yes, it’s my first time 🌮",,,,"",,,,"Good",,"Excellent","Good",,,,
"XbQRCaIyIxfFfLgJ67In","2025-06-03T20:01:23.596Z","Wynwood",,,,,,"Queso weird but everything still yummy",,,"Good",,,,,"Good","Excellent",,
"Xxae4ZCD79Hm0cti7BMw","2025-06-11T17:24:21.151Z","Brickell","I’m on vacations","Yes, it’s my first time 🌮",,"Excellent",,"Shrimp taco is fantastic",,,,,,"Excellent",,,,"Excellent",
"Y3VLxpKl9ttg4fjK1bZP","2025-06-07T21:13:33.267Z","Brickell","I’m a local","Yes, it’s my first time 🌮",,,,"","Good",,,,,,,"Good",,"Average",
"YI94hwlx1xOjONCtVHRF","2025-06-07T02:34:10.764Z","Wynwood","I work in the neighborhood","Yes, it’s my first time 🌮",,,,"","Excellent","Good",,,,,"Good",,,,
"YSpwuVi4Cv3tLKOm04bL","2025-06-09T01:57:33.993Z","Brickell","I’m a local","Yes, it’s my first time 🌮",,,,"",,,,,"Good",,,,"Good",,"Average"
"Z7QRxC7ksFAdlMSFqqdz","2025-06-07T21:28:45.104Z","Brickell","I work in the neighborhood","Yes, it’s my first time 🌮","Excellent",,,"",,,,"Good","Good",,,,,,
"Zro8OzU5nJgGaUQi3XnG","2025-06-07T02:55:04.143Z","Wynwood","I’m a local","Nope, I’m a taco lover 🔥",,,,"",,,,"Excellent","Excellent",,,,"Excellent",,
"aRhF3k9CbfYyjjdwvlCs","2025-06-04T01:26:15.068Z","Brickell","I’m a local","Nope, I’m a taco lover 🔥","Excellent",,,"",,,,"Excellent",,,"Excellent",,,,
"b54eve86lZEdh4XXFeJv","2025-06-07T21:22:08.609Z","Brickell","I work in the neighborhood","Yes, it’s my first time 🌮",,,,"",,,,,,,"Excellent","Excellent","Good",,
"babhtuoQEHrQHvTe5chN","2025-06-04T21:04:53.499Z","Brickell","I’m on vacations","Nope, I’m a taco lover 🔥",,,,"The best service in brickell, the food waooooooooooooo, thanks","Excellent",,,,"Excellent",,,,,,"Excellent"
"cG0XyP41Boh4pviQXZTi","2025-06-03T20:28:08.404Z","Brickell","I’m a local","Nope, I’m a taco lover 🔥",,,"Excellent","",,,,,,,,,"Excellent",,"Excellent"
"cYmjdOQ5vBxaLqSmDE2k","2025-06-08T00:56:50.874Z","Brickell","I’m on vacations","Yes, it’s my first time 🌮",,"Excellent",,"",,,,,,,,,"Excellent","Excellent",
"dAqvKf9fY8e15yEDw5Ik","2025-06-10T19:23:23.381Z","Wynwood","I’m a local","Nope, I’m a taco lover 🔥",,,,"","Excellent",,,"Good","Excellent",,,,,,
"dwl24oy9Z9Ap8h7069NC","2025-06-07T02:31:25.749Z","Wynwood","I’m on vacations","Yes, it’s my first time 🌮",,,,"",,"Good",,,"Good",,,,"Good",,
"eeedxmXluugEN8N8bN3H","2025-06-07T03:39:50.402Z","Wynwood","I’m a local","Nope, I’m a taco lover 🔥",,,,"Great food and great atsmosphere ","Excellent",,,"Excellent","Excellent",,,,,,
"ejtRvujthYR4Yf0LfLRm","2025-06-07T21:22:34.768Z","Brickell","I work in the neighborhood","Nope, I’m a taco lover 🔥",,,,"",,,,"Good",,"Good",,,,"Good",
"ezdjrgxzWH2Ki29FxGhj","2025-06-08T18:57:20.813Z","Brickell","I’m on vacations","Yes, it’s my first time 🌮",,,,"",,,,,,"Excellent","Excellent","Excellent",,,
"f8CMOj0yvSJyxPj263BV","2025-06-08T03:22:42.241Z","Brickell","I’m on vacations","Yes, it’s my first time 🌮",,"Excellent",,"","Excellent",,,,,,,,,"Excellent",
"fBMy4rrJMyXthmzTA89c","2025-06-07T21:29:53.160Z","Brickell","I’m a local","Nope, I’m a taco lover 🔥",,,,"","Good",,,,,,"Good",,,,"Excellent"
"fS1zjNL5o8p3LypGd558","2025-06-03T17:31:53.616Z","Wynwood",,,,"Excellent","Excellent","High PRI es but very delicious","Excellent",,,,,,,,,,
"fsg99yvl4ZTrY0lPj1vF","2025-06-11T17:23:24.507Z","Brickell","I work in the neighborhood","Nope, I’m a taco lover 🔥",,"Good",,"Bartenders was great and drinks very tropical I like the concept ",,,,,"Good","Good",,,,,
"g5DRJjoQ6Kkn3aJe0Gy6","2025-06-04T01:27:35.352Z","Wynwood","I’m a local","Nope, I’m a taco lover 🔥","Good",,,"",,"Good",,,,,"Good",,,,
"gSK1WZFEjKkqycnsR1LI","2025-06-07T23:33:49.801Z","Brickell","I work in the neighborhood","Yes, it’s my first time 🌮",,,,"",,,"Good",,,"Excellent",,,,,"Good"
"grvV9EOs2tOY7y9YLFyd","2025-06-07T02:54:15.883Z","Wynwood","I’m a local","Yes, it’s my first time 🌮",,,,"","Excellent",,"Good","Excellent",,,,,,,
"hJMJUTgWgBXkVLgFroOJ","2025-06-03T23:14:22.105Z","Wynwood","I’m a local","Yes, it’s my first time 🌮",,,"Average","","Good","Excellent",,,,,,,,,
"iBKYS50Rfw9Ydd4EVbux","2025-06-10T19:23:23.553Z","Wynwood","I’m a local","Nope, I’m a taco lover 🔥",,,,"","Excellent",,,"Good","Excellent",,,,,,
"iEjd6sEBSCxdjBOf6v5W","2025-06-05T23:59:28.372Z","Wynwood","I’m a local","Nope, I’m a taco lover 🔥",,,,"Excelente servicio. ",,,,,,"Excellent","Excellent","Excellent",,,
"jDt8aC2vn37jsLGxRRNW","2025-06-02T16:55:22.184Z","Wynwood",,,,"Excellent","Good","Todo muy rico","Excellent",,,,,,,,,,
"jQKpEI29jsr4HUB37l2P","2025-06-04T22:34:43.569Z","Brickell","I’m a local","Nope, I’m a taco lover 🔥",,,"Excellent","Very nice place. I love Tacology!","Excellent",,,"Excellent",,,,,,,
"jlk70B109DyAoxBlWPwu","2025-06-02T17:27:02.265Z","Wynwood",,,,,,"Regresaremos","Excellent",,,,,,"Excellent",,,,"Excellent"
"juB4y1fxTkGrqNqSp4X7","2025-06-08T03:22:42.627Z","Brickell","I’m on vacations","Yes, it’s my first time 🌮",,"Excellent",,"","Excellent",,,,,,,,,"Excellent",
"jyN2RdadTuKJWRU5YJUp","2025-06-10T17:56:47.547Z","Wynwood","I’m a local","Nope, I’m a taco lover 🔥","Excellent","Good",,"",,,,,,,"Good",,,,
"kHWAPXChGYOBr7C6sjBQ","2025-06-07T03:39:49.282Z","Wynwood","I’m a local","Nope, I’m a taco lover 🔥",,,,"Great food and great atsmosphere ","Excellent",,,"Excellent","Excellent",,,,,,
"kYFkBtomZkfyIxs7R7xA","2025-06-05T00:23:36.620Z","Brickell","I’m on vacations","Yes, it’s my first time 🌮",,,,"",,,,"Excellent",,"Excellent","Good",,,,
"koUEiMvG5CKaEf9Y4j4i","2025-06-05T23:59:29.155Z","Wynwood","I’m a local","Nope, I’m a taco lover 🔥",,,,"Excelente servicio. ",,,,,,"Excellent","Excellent","Excellent",,,
"l8sPs5hfemjw3QcEuBDr","2025-06-05T00:19:39.133Z","Brickell","I’m on vacations","Yes, it’s my first time 🌮",,,,"",,"Average",,,,"Average",,,,"Good",
"mPdu0cLY0nZ37oMvdcC5","2025-06-04T23:41:47.882Z","Brickell","I’m a local","Yes, it’s my first time 🌮",,,,"Great service and good food",,,,,,"Excellent","Excellent",,,,"Excellent"
"mzN971158Sh1XNO1pLjT","2025-06-07T22:11:43.290Z","Brickell","I work in the neighborhood","Yes, it’s my first time 🌮",,,,"Todo muy bien'",,,,"Excellent","Excellent",,,,"Excellent",,
"n63OkqyrmsKy0b8cxhh7","2025-05-07T18:29:13.198Z","Brickell",,,,"Excellent",,"all good",,,,,"Excellent",,,,,,
"nTWuFt79k8iSfif7Vz7X","2025-06-11T17:24:56.463Z","Brickell","I work in the neighborhood","Nope, I’m a taco lover 🔥","Excellent",,"Excellent","I liked the lunch deal, willing to come for more ",,,,,,,,"Excellent",,,
"njzxgk0y3Ndxl9mbUAjF","2025-06-03T16:55:47.847Z","Wynwood",,,"Excellent","Excellent",,"Good food",,,,,,,"Excellent",,,,
"nvLVs4HBsXQ5uh3K2AVj","2025-06-02T16:27:29.219Z","Wynwood",,,,,,"Good place",,"Excellent",,,,,,,"Excellent","Good",
"o4KzYoGHECdUVEMh11fa","2025-06-07T20:58:18.756Z","Brickell","I’m a local","Yes, it’s my first time 🌮",,,"Excellent","",,,,,,,,"Excellent","Excellent",,
"oIxQEOvh1G2LCEq2F1Xb","2025-05-07T21:23:32.752Z","Brickell",,,,,,"test",,,,,"Excellent",,,"Excellent",,,
"ohC8LFqA6ztrvEtGGjbK","2025-06-03T20:27:09.468Z","Wynwood","I work in the neighborhood","Nope, I’m a taco lover 🔥",,"Excellent",,"","Excellent",,,,,,"Excellent",,,,
"ovzo9QPSxKotKsaMXT09","2025-06-07T21:23:54.400Z","Brickell","I’m on vacations","Yes, it’s my first time 🌮",,,,"",,,,,,"Excellent",,"Good",,"Average",
"pyWPeXmg87zFbcb73kIG","2025-06-07T21:02:15.376Z","Brickell","I’m on vacations","Nope, I’m a taco lover 🔥",,,,"",,"Good","Excellent",,,,,,"Good",,
"q9heKKU2eVhIScogvD3e","2025-06-07T03:14:19.521Z","Wynwood","I work in the neighborhood","Nope, I’m a taco lover 🔥","Excellent",,,"",,,,,,,"Excellent","Excellent",,,
"qYHyIdK97EjBsmpU6ScZ","2025-06-07T20:58:55.919Z","Brickell","I work in the neighborhood","Nope, I’m a taco lover 🔥",,"Good",,"","Excellent",,,,,,"Good",,,,
"qc56zDHgjPZncqcFGjMz","2025-05-07T20:09:02.387Z","Brickell",,,,"Excellent",,"uybhiuhoiu",,,,,,,"Excellent",,,,
"rEg7y8FBxZFJh3zsg2VZ","2025-06-11T18:16:46.934Z","Brickell","I’m a local","Yes, it’s my first time 🌮",,"Good",,"",,,,,,"Good",,,,"Good",
"rjhgprSazYVe4Nes42S5","2025-06-10T16:44:35.520Z","Brickell","I’m a local","Nope, I’m a taco lover 🔥","Excellent","Excellent","Excellent","I love Tacology wynwood the place is awesome ",,,,,,,,,,,
"rkfoKqTsxBlGtvV9CrqR","2025-06-09T01:56:26.919Z","Brickell","I’m a local","Nope, I’m a taco lover 🔥","Average",,"Good","",,"Good",,,,,,,,,
"rzVpneoYAFjbZgVaSrCR","2025-05-07T21:20:08.192Z","Brickell",,,,,,"test",,,,,"Excellent",,,,,,"Excellent"
"spgKJSgIBGG84rn0OjUl","2025-06-07T03:40:35.585Z","Wynwood","I’m a local","Nope, I’m a taco lover 🔥","Excellent","Excellent",,"Great Job, service and everything",,,,,,,"Excellent",,,,
"tQRcMrQBnsJmED2KUn3i","2025-06-10T21:01:46.402Z","Brickell","I’m a local","Nope, I’m a taco lover 🔥","Excellent",,,"",,"Excellent",,,,,"Good",,,,
"u6E4jqdQZG564eGDDikj","2025-06-10T22:55:39.563Z","Wynwood","I’m a local","Nope, I’m a taco lover 🔥",,,,"Loved The food and service, especially oliver the bartender!! Great atmosphere.",,,,"Excellent",,,,,"Excellent","Excellent",
"u7YJvk2EuGnEwwNutmi3","2025-06-07T02:41:38.108Z","Wynwood","I’m a local","Nope, I’m a taco lover 🔥",,,"Excellent","El lugar es lindo, tiene una decoración linda, el ambiente y la buena energía se puede notar, me gusta volver ",,,,,,,,"Excellent","Excellent",,
"uec6Vx8Lqvdimfiamo7T","2025-06-08T01:13:18.143Z","Brickell","I’m on vacations","Yes, it’s my first time 🌮",,,,"I like it the service ",,,,"Excellent",,,,,"Excellent","Good",
"upTxZhxBX3H26SxajLUT","2025-06-03T16:47:07.601Z","Wynwood",,,"Excellent",,,"Real tasty food
Good vibes",,,,,,,,,,"Excellent","Excellent"
"urBYJ0Ou7affbSnAgXqr","2025-06-11T17:22:47.033Z","Brickell","I’m a local","Yes, it’s my first time 🌮","Good","Excellent",,"Food delicious and our server was very nice",,,,,"Good",,,,,,
"vS5nXnHjRUz4sjJcNb4Y","2025-06-10T17:54:26.324Z","Wynwood","I’m on vacations","Nope, I’m a taco lover 🔥","Good",,,"",,"Good",,,"Excellent",,,,,,
"vZBxtZxniHRuMK9yY3fD","2025-06-10T16:43:10.680Z","Wynwood","I work in the neighborhood","Nope, I’m a taco lover 🔥",,,,"Beautiful location ",,"Excellent","Excellent",,,,,,"Excellent",,
"wQgWJ1mnNEaqifYFAZ25","2025-06-11T17:23:57.464Z","Brickell","I’m on vacations","Yes, it’s my first time 🌮","Excellent",,,"Daniela was very attentive, her suggestion were great birria taco is a must",,,"Excellent","Excellent",,,,,,,
"x5oHgKbZHD0nzZsZiZHq","2025-06-03T20:32:04.085Z","Brickell","I’m a local","Yes, it’s my first time 🌮","Excellent",,,"Jk",,,,,,,"Excellent","Good",,,
"x6WESrcCndmrDJSGwLuA","2025-05-07T21:23:32.699Z","Brickell",,,,,,"test",,,,,"Excellent",,,"Excellent",,,
"xS6NtKVluDbWl1WC2bLL","2025-06-02T18:48:39.266Z","Wynwood",,,,,,".",,,"Good",,,"Excellent",,"Excellent",,,
"xtbhyY1eQLBAKfLvJpt9","2025-06-10T17:56:28.910Z","Wynwood","I’m a local","Yes, it’s my first time 🌮",,,,"",,,,,,"Excellent",,"Excellent",,"Good",
"yBJ0Y3XhFgtjOFICBWpx","2025-06-07T21:02:55.148Z","Brickell","I’m a local","Nope, I’m a taco lover 🔥",,,"Excellent","",,,,,,,,,"Excellent",,"Excellent"
"yb3hRvBDi6k9Qq6QVXg9","2025-06-05T17:27:34.935Z","Wynwood","I’m on vacations","Yes, it’s my first time 🌮",,"Excellent",,"",,,,,"Excellent",,,,"Excellent",,
"yxrVQLkaR14R0gt1kzrn","2025-06-08T00:57:44.246Z","Brickell","I’m a local","Nope, I’m a taco lover 🔥",,,,"The best tacos",,"Excellent","Excellent",,,"Excellent",,,,,
"zMnjUjC7ScqvyE63b3lv","2025-06-09T01:55:36.112Z","Brickell","I’m on vacations","Yes, it’s my first time 🌮",,,,"",,,,,,"Excellent",,,,"Good","Average"
"zmax86zF9nPIGSe3V42T","2025-06-10T16:45:16.028Z","Brickell","I work in the neighborhood","Nope, I’m a taco lover 🔥",,,,"I’m a regular the place is solid","Good","Good","Excellent",,,,,,,,
"zqbp7fH1lauHWY8rKIPf","2025-06-04T22:34:43.287Z","Brickell","I’m a local","Nope, I’m a taco lover 🔥",,,"Excellent","Very nice place. I love Tacology!","Excellent",,,"Excellent",,,,,,,
"zstS1iDcHZELVluQCBjQ","2025-06-08T18:57:57.411Z","Brickell","I’m on vacations","Yes, it’s my first time 🌮",,,,"","Excellent",,,,,,,"Excellent",,"Excellent",